{
  "detection_metrics": {
    "map_50": 0.5780874490737915,
    "map": 0.3046882450580597,
    "map_75": 0.250552237033844
  },
  "detailed_statistics": {
    "total_statistics": {
      "overall_precision": 0.8141025641025641,
      "overall_recall": 0.8273615635179153,
      "overall_f1": 0.8206785137318254
    },
    "per_class_ap": {
      "ap_50": {},
      "ap_50_95": {
        "fully-ripe": 0.35474252700805664,
        "semi-ripe": 0.16968998312950134,
        "unripe": 0.3896321952342987
      },
      "ap_75": {}
    }
  },
  "model_complexity": {
    "total_params": 41502152,
    "trainable_params": 41279752,
    "params_m": 41.502152,
    "model_size_mb": 158.31814575195312,
    "gflops": 58.7542528,
    "gflops_formatted": "58.754G"
  },
  "model_info": {
    "backbone": "detr",
    "arch_name": "detr",
    "pretrained_path": "facebook/detr-resnet-50"
  }
}