{
  "detection_metrics": {
    "map_50": 0.7964729688492606,
    "map": 0.566499640604978,
    "map_75": 0.6717962350508552
  },
  "detailed_statistics": {
    "total_statistics": {
      "overall_precision": 0.8160233468642663,
      "overall_recall": 0.7478743693859973,
      "overall_f1": 0.7804640157716085
    },
    "per_class_ap": {
      "ap_50": {
        "fully-ripe": 0.7940466327785524,
        "semi-ripe": 0.7179772175536883,
        "unripe": 0.877395056215541
      },
      "ap_50_95": {
        "fully-ripe": 0.5500924773382495,
        "semi-ripe": 0.5400436452344095,
        "unripe": 0.6093627992422751
      },
      "ap_75": {}
    }
  },
  "model_complexity": {
    "total_params": 20107225,
    "trainable_params": 0,
    "params_m": 20.107225,
    "model_size_mb": 76.70297622680664,
    "gflops": 33.561728,
    "gflops_formatted": "33.562G"
  },
  "model_info": {
    "backbone": "yolov12-m",
    "arch_name": "yolov12",
    "model_size": "m"
  }
}